{
  "loss": [
    0.5506962501279632
  ],
  "val_loss": [
    0.49058852228572464
  ]
}