{
  "loss": [
    0.49259120960184516
  ],
  "val_loss": [
    0.44189193185653586
  ]
}