{
  "loss": [
    0.4602135333834989,
    0.43063058413889316,
    0.42820821325666486,
    0.4271076623599397,
    0.42637941625447195,
    0.4257614427310477,
    0.4251218386068539,
    0.42436424916158977,
    0.42362697078147427,
    0.42319351439013136,
    0.4228267810599979,
    0.42200629248111426,
    0.42133334618366686,
    0.4208766784612726,
    0.4204404490828123,
    0.4202321024777499,
    0.41992489060852445,
    0.4198418858714082,
    0.4195366370672649,
    0.41938380353972865,
    0.41912603800897036,
    0.4184967789337583,
    0.4183610139498812,
    0.41817622006042154,
    0.4180370657342788
  ],
  "val_loss": [
    0.4341109252202545,
    0.42847374106119507,
    0.4267705892419151,
    0.42633750656893077,
    0.42521014472956353,
    0.42442435420281965,
    0.4248314904984307,
    0.42355364359097947,
    0.42293246059011425,
    0.42278260428152464,
    0.422597939741345,
    0.4216780421676362,
    0.42114591677705954,
    0.4214977023034009,
    0.4203663754937456,
    0.4212898495452675,
    0.42039044558332095,
    0.4209623341884,
    0.42095157298538477,
    0.42092696104240246,
    0.4206771690005532,
    0.42082382700814164,
    0.4205167644139546,
    0.4205714435978726,
    0.42131316285233117
  ]
}