{
  "loss": [
    0.7296501032444609
  ],
  "val_loss": [
    0.5632353769556637
  ]
}